<?xml version="1.0" encoding="UTF-8" standalone="no"?>
<feature id="org.wso2.carbon.identity.provisioning.connector.scim2.server" label="Identity Provisioning Connector SCIM2 Server Feature" provider-name="%providerName" version="1.0.0.SNAPSHOT">
  <description>This feature contains the core bundles required for SCIM2 Identity Provisioning Connector</description>
  <copyright>%copyright</copyright>
  <license url="%licenseURL">%license</license>
  <plugin id="org.wso2.carbon.identity.provisioning.connector.scim2" unpack="false" version="1.0.0.SNAPSHOT"/>
  <require>
    <import feature="org.wso2.carbon.identity.application.mgt.server" match="compatible" version="5.5.0"/>
    <import feature="org.wso2.carbon.identity.scim.common" match="compatible" version="1.1.19"/>
    <import feature="org.wso2.carbon.core" match="compatible" version="4.4.7"/>
  </require>
</feature>
